{"mean":{"confidence_interval":{"confidence_level":0.95,"lower_bound":1576.85502544744,"upper_bound":1596.0629202857292},"point_estimate":1586.1410315253922,"standard_error":4.88701666945393},"median":{"confidence_interval":{"confidence_level":0.95,"lower_bound":1567.443869580481,"upper_bound":1587.8916798314904},"point_estimate":1576.1544085403802,"standard_error":4.856137083443885},"median_abs_dev":{"confidence_interval":{"confidence_level":0.95,"lower_bound":33.72934458285911,"upper_bound":56.68211292540698},"point_estimate":44.97796907656981,"standard_error":6.060962350022549},"slope":{"confidence_interval":{"confidence_level":0.95,"lower_bound":1565.4759633695269,"upper_bound":1589.3331758151292},"point_estimate":1576.5719449115456,"standard_error":6.126697028372264},"std_dev":{"confidence_interval":{"confidence_level":0.95,"lower_bound":39.77398492492938,"upper_bound":57.719881579713935},"point_estimate":49.3810391579396,"standard_error":4.574013776486058}}