{"mean":{"confidence_interval":{"confidence_level":0.95,"lower_bound":1582.0118949286825,"upper_bound":1595.7327000835096},"point_estimate":1588.3051628894152,"standard_error":3.5103825032259066},"median":{"confidence_interval":{"confidence_level":0.95,"lower_bound":1572.024650923161,"upper_bound":1576.6958043569334},"point_estimate":1573.5604386109283,"standard_error":1.129490446195283},"median_abs_dev":{"confidence_interval":{"confidence_level":0.95,"lower_bound":4.313768100834699,"upper_bound":11.336098708001781},"point_estimate":7.267072911926603,"standard_error":1.8041260114076503},"slope":{"confidence_interval":{"confidence_level":0.95,"lower_bound":1577.5681029142138,"upper_bound":1586.0204166923993},"point_estimate":1581.4766947234443,"standard_error":2.1682473091997307},"std_dev":{"confidence_interval":{"confidence_level":0.95,"lower_bound":20.840896815468415,"upper_bound":47.42630985618905},"point_estimate":35.21777041406313,"standard_error":6.784355045715365}}