{"mean":{"confidence_interval":{"confidence_level":0.95,"lower_bound":243994.61659861557,"upper_bound":247874.99532801646},"point_estimate":245625.457319017,"standard_error":1001.2873987620285},"median":{"confidence_interval":{"confidence_level":0.95,"lower_bound":241904.60416666666,"upper_bound":244010.8297213622},"point_estimate":242526.00361336948,"standard_error":519.8833628747692},"median_abs_dev":{"confidence_interval":{"confidence_level":0.95,"lower_bound":1291.797256164365,"upper_bound":3848.7595457208195},"point_estimate":2241.0241623423462,"standard_error":639.3950379830828},"slope":{"confidence_interval":{"confidence_level":0.95,"lower_bound":242197.8752625918,"upper_bound":244504.79323199295},"point_estimate":243102.8153036796,"standard_error":599.3267328203003},"std_dev":{"confidence_interval":{"confidence_level":0.95,"lower_bound":4095.8802064716065,"upper_bound":15696.386765430992},"point_estimate":10041.613417598077,"standard_error":3493.049197195032}}