{"mean":{"confidence_interval":{"confidence_level":0.95,"lower_bound":126399.7666164574,"upper_bound":130547.19872790185},"point_estimate":128202.25250256626,"standard_error":1069.6457704543127},"median":{"confidence_interval":{"confidence_level":0.95,"lower_bound":125430.9796875,"upper_bound":126386.94277108433},"point_estimate":125860.98301966292,"standard_error":246.05359659562228},"median_abs_dev":{"confidence_interval":{"confidence_level":0.95,"lower_bound":1615.0715096016033,"upper_bound":2968.8778517571386},"point_estimate":2165.6925535318487,"standard_error":339.1700519675495},"slope":{"confidence_interval":{"confidence_level":0.95,"lower_bound":126360.36405851204,"upper_bound":127419.93501319218},"point_estimate":126855.89351522093,"standard_error":270.82005269335644},"std_dev":{"confidence_interval":{"confidence_level":0.95,"lower_bound":3927.0185125525654,"upper_bound":15901.751530033769},"point_estimate":10754.72708398291,"standard_error":3091.861669715734}}